Event Name,Time,Distinct ID,City,Country,Operating System,Duration,Session Length
App Session,1677670889.081,63fb6bc40cef5dc71d6f7ea2::0b5ba624-518b-434b-bb0a-c5c0e2609d1e,Chandigarh,IN,Android,,183.1
App Session,1677670633.433,63f5fbea4bb1fe648be04254::d2dfc7d3-499b-445d-a442-71df32df1681,Delhi,IN,Android,,16.6
App Session,1677670047.416,63fb6bc40cef5dc71d6f7ea2::0b5ba624-518b-434b-bb0a-c5c0e2609d1e,Chandigarh,IN,Android,,75.6
App Session,1677666055.695,63ece59d4bb1fe648aac13d3::9F76A942-B50E-4548-8BE0-E5765E2F7C69,Delhi,IN,iOS,,16
App Session,1677664938.624,63ecbb4281407145daabec2a::a0559d87-bf51-46e4-b05f-73206c3d34e2,Delhi,IN,Android,,25
App Session,1677664806.769,63f4a4bc81407164cae70ea5::56B07CA7-2A26-45FE-81EB-1C7DEDD47D14,Delhi,IN,iOS,,11.4
App Session,1677664791.834,63f4a4bc81407164cae70ea5::56B07CA7-2A26-45FE-81EB-1C7DEDD47D14,Delhi,IN,iOS,,13.7
App Session,1677664723.775,63f4a4bc81407164cae70ea5::56B07CA7-2A26-45FE-81EB-1C7DEDD47D14,Delhi,IN,iOS,,38.1
App Session,1677654589.153,63ecbb4281407145daabec2a::a0559d87-bf51-46e4-b05f-73206c3d34e2,Delhi,IN,Android,,87.8
App Session,1677652560.299,63fb6bc40cef5dc71d6f7ea2::0b5ba624-518b-434b-bb0a-c5c0e2609d1e,Chandigarh,IN,Android,,18
App Session,1677652418.475,63fb6bc40cef5dc71d6f7ea2::0b5ba624-518b-434b-bb0a-c5c0e2609d1e,Chandigarh,IN,Android,,51.1
App Session,1677651452.303,63fb6bc40cef5dc71d6f7ea2::0b5ba624-518b-434b-bb0a-c5c0e2609d1e,Chandigarh,IN,Android,,60.6
App Session,1677649990.249,63fb6bc40cef5dc71d6f7ea2::0b5ba624-518b-434b-bb0a-c5c0e2609d1e,Chandigarh,IN,Android,,64.1
App Session,1677649604.058,63f5fbea4bb1fe648be04254::d2dfc7d3-499b-445d-a442-71df32df1681,Delhi,IN,Android,,15.8
App Session,1677647500.703,63fb6bc40cef5dc71d6f7ea2::0b5ba624-518b-434b-bb0a-c5c0e2609d1e,Chandigarh,IN,Android,,138.1
App Session,1677647359.095,63fb6bc40cef5dc71d6f7ea2::0b5ba624-518b-434b-bb0a-c5c0e2609d1e,Chandigarh,IN,Android,,55.1
App Session,1677635426.588,63ecbb4281407145daabec2a::a0559d87-bf51-46e4-b05f-73206c3d34e2,Delhi,IN,Android,,63.8
App Session,1677635232.783,63f4a4bc81407164cae70ea5::56B07CA7-2A26-45FE-81EB-1C7DEDD47D14,Delhi,IN,iOS,,20.4
App Session,1677635129.142,63f4a4bc81407164cae70ea5::56B07CA7-2A26-45FE-81EB-1C7DEDD47D14,Delhi,IN,iOS,,36.1
App Session,1677635082.031,63f4a4bc81407164cae70ea5::56B07CA7-2A26-45FE-81EB-1C7DEDD47D14,Delhi,IN,iOS,,16.4
App Session,1677635060.22,63f4a4bc81407164cae70ea5::56B07CA7-2A26-45FE-81EB-1C7DEDD47D14,Delhi,IN,iOS,,103.6
App Session,1677632339.217,63f5fbea4bb1fe648be04254::d2dfc7d3-499b-445d-a442-71df32df1681,Delhi,IN,Android,,26.3
App Session,1677604268.216,63f4a4bc81407164cae70ea5::56B07CA7-2A26-45FE-81EB-1C7DEDD47D14,Delhi,IN,iOS,,17.1
App Session,1677593498.622,63f75c1b0cef5dc71dec5f5a::9607ae12-7748-4e95-a028-d89832bb7413,Delhi,IN,Android,,12.8
App Session,1677593434.028,63f75c1b0cef5dc71dec5f5a::9607ae12-7748-4e95-a028-d89832bb7413,Delhi,IN,Android,,30
App Session,1677587518.205,63f5fbea4bb1fe648be04254::d2dfc7d3-499b-445d-a442-71df32df1681,Delhi,IN,Android,,12.1
App Session,1677587121.864,63f5fbea4bb1fe648be04254::d2dfc7d3-499b-445d-a442-71df32df1681,Delhi,IN,Android,,23.7
App Session,1677581136.554,63ecbb4281407145daabec2a::a0559d87-bf51-46e4-b05f-73206c3d34e2,Delhi,IN,Android,,68.3
App Session,1677571690.938,63ecbb4281407145daabec2a::a0559d87-bf51-46e4-b05f-73206c3d34e2,Delhi,IN,Android,,58.7
App Session,1677568327.559,63f75c1b0cef5dc71dec5f5a::9607ae12-7748-4e95-a028-d89832bb7413,Delhi,IN,Android,,13.2
App Session,1677568182.282,63f75c1b0cef5dc71dec5f5a::9607ae12-7748-4e95-a028-d89832bb7413,Delhi,IN,Android,,12.8
App Session,1677568157.08,63f75c1b0cef5dc71dec5f5a::9607ae12-7748-4e95-a028-d89832bb7413,Delhi,IN,Android,,11.1
App Session,1677566570.084,63f5fbea4bb1fe648be04254::d2dfc7d3-499b-445d-a442-71df32df1681,Delhi,IN,Android,,16.3
App Session,1677563378.438,63f75c1b0cef5dc71dec5f5a::9607ae12-7748-4e95-a028-d89832bb7413,Delhi,IN,Android,,42.4
App Session,1677562485.609,63f5fbea4bb1fe648be04254::d2dfc7d3-499b-445d-a442-71df32df1681,Delhi,IN,Android,,13.1
App Session,1677562420.195,63f5fbea4bb1fe648be04254::d2dfc7d3-499b-445d-a442-71df32df1681,Delhi,IN,Android,,21.2
App Session,1677561886.555,63f5fbea4bb1fe648be04254::d2dfc7d3-499b-445d-a442-71df32df1681,Delhi,IN,Android,,28.9
App Session,1677552271.711,63f75c1b0cef5dc71dec5f5a::9607ae12-7748-4e95-a028-d89832bb7413,Delhi,IN,Android,,86.1
App Session,1677550579.765,63f75c1b0cef5dc71dec5f5a::9607ae12-7748-4e95-a028-d89832bb7413,Delhi,IN,Android,,12.2
App Session,1677550364.56,63f75c1b0cef5dc71dec5f5a::9607ae12-7748-4e95-a028-d89832bb7413,Delhi,IN,Android,,62.6
App Session,1677550301.432,63f75c1b0cef5dc71dec5f5a::9607ae12-7748-4e95-a028-d89832bb7413,Delhi,IN,Android,,37.5
App Session,1677549088.147,63f4a4bc81407164cae70ea5::56B07CA7-2A26-45FE-81EB-1C7DEDD47D14,Delhi,IN,iOS,,30.7
App Session,1677526484.976,63f75c1b0cef5dc71dec5f5a::9607ae12-7748-4e95-a028-d89832bb7413,Delhi,IN,Android,,67.8
App Session,1677518496.31,63ece59d4bb1fe648aac13d3::9F76A942-B50E-4548-8BE0-E5765E2F7C69,Delhi,IN,iOS,,15
App Session,1677513495.081,63f75c1b0cef5dc71dec5f5a::9607ae12-7748-4e95-a028-d89832bb7413,Delhi,IN,Android,,46.9
App Session,1677512224.436,63f75c1b0cef5dc71dec5f5a::9607ae12-7748-4e95-a028-d89832bb7413,Delhi,IN,Android,,37.1
App Session,1677509354.704,63f75c1b0cef5dc71dec5f5a::9607ae12-7748-4e95-a028-d89832bb7413,Delhi,IN,Android,,37.9
App Session,1677502982.695,63ece59d4bb1fe648aac13d3::9F76A942-B50E-4548-8BE0-E5765E2F7C69,Delhi,IN,iOS,,1087
App Session,1677501895.658,63ece59d4bb1fe648aac13d3::9F76A942-B50E-4548-8BE0-E5765E2F7C69,Delhi,IN,iOS,,16.4
App Session,1677499562.113,63ece59d4bb1fe648aac13d3::9F76A942-B50E-4548-8BE0-E5765E2F7C69,Delhi,IN,iOS,,21.1
App Session,1677492368.386,63f4a4bc81407164cae70ea5::56B07CA7-2A26-45FE-81EB-1C7DEDD47D14,Delhi,IN,iOS,,134.8
App Session,1677478222.067,63f5fbea4bb1fe648be04254::d2dfc7d3-499b-445d-a442-71df32df1681,Delhi,IN,Android,,27.9
App Session,1677473288.412,63fb6bc40cef5dc71d6f7ea2::0b5ba624-518b-434b-bb0a-c5c0e2609d1e,Ludhiana,IN,Android,,77.5
App Session,1677472932.574,63f75c1b0cef5dc71dec5f5a::9607ae12-7748-4e95-a028-d89832bb7413,Delhi,IN,Android,,29.4
App Session,1677472532.009,63f5fbea4bb1fe648be04254::d2dfc7d3-499b-445d-a442-71df32df1681,Delhi,IN,Android,,103
App Session,1677467512.691,63ecbb4281407145daabec2a::a0559d87-bf51-46e4-b05f-73206c3d34e2,Delhi,IN,Android,,161.1
App Session,1677462448.412,63f4a4bc81407164cae70ea5::56B07CA7-2A26-45FE-81EB-1C7DEDD47D14,Delhi,IN,iOS,,138.9
App Session,1677454968.88,63f5fbea4bb1fe648be04254::d2dfc7d3-499b-445d-a442-71df32df1681,Delhi,IN,Android,,12.9
App Session,1677447771.548,63fb6bc40cef5dc71d6f7ea2::0b5ba624-518b-434b-bb0a-c5c0e2609d1e,Ludhiana,IN,Android,,183
App Session,1677426620.023,63f0c7454bb1fe648be04128::e18cb3cc-56b3-41c8-a0a2-d04c29217606,Delhi,IN,Android,,19.9
App Session,1677423045.576,0b5ba624-518b-434b-bb0a-c5c0e2609d1e,Delhi,IN,Android,,14.3
App Session,1677422192.374,0b5ba624-518b-434b-bb0a-c5c0e2609d1e,Delhi,IN,Android,,142.8
App Session,1677421919.02,63f4a4bc81407164cae70ea5::56B07CA7-2A26-45FE-81EB-1C7DEDD47D14,Delhi,IN,iOS,,50.5
App Session,1677421753.753,63f4a4bc81407164cae70ea5::56B07CA7-2A26-45FE-81EB-1C7DEDD47D14,Delhi,IN,iOS,,42.3
App Session,1677421516.864,0b5ba624-518b-434b-bb0a-c5c0e2609d1e,Delhi,IN,Android,,85.4
App Session,1677417839.535,0b5ba624-518b-434b-bb0a-c5c0e2609d1e,Delhi,IN,Android,,19.3
App Session,1677415014.983,63f4a4bc81407164cae70ea5::56B07CA7-2A26-45FE-81EB-1C7DEDD47D14,Delhi,IN,iOS,,18.9
App Session,1677404923.952,63f5fbea4bb1fe648be04254::d2dfc7d3-499b-445d-a442-71df32df1681,Delhi,IN,Android,,71.5
App Session,1677400752.965,63f4a4bc81407164cae70ea5::56B07CA7-2A26-45FE-81EB-1C7DEDD47D14,Delhi,IN,iOS,,15
App Session,1677400694.051,63f4a4bc81407164cae70ea5::56B07CA7-2A26-45FE-81EB-1C7DEDD47D14,Delhi,IN,iOS,,44.1
App Session,1677390024.296,63f75c1b0cef5dc71dec5f5a::9607ae12-7748-4e95-a028-d89832bb7413,Delhi,IN,Android,,81.1
App Session,1677381035.624,63f5fbea4bb1fe648be04254::d2dfc7d3-499b-445d-a442-71df32df1681,Delhi,IN,Android,,146.2
App Session,1677378987.102,63f5fbea4bb1fe648be04254::d2dfc7d3-499b-445d-a442-71df32df1681,Delhi,IN,Android,,28.9
App Session,1677378948.291,63f5fbea4bb1fe648be04254::d2dfc7d3-499b-445d-a442-71df32df1681,Delhi,IN,Android,,22.6
App Session,1677378925.533,63f5fbea4bb1fe648be04254::d2dfc7d3-499b-445d-a442-71df32df1681,Delhi,IN,Android,,73.2
App Session,1677363245.288,63ece59d4bb1fe648aac13d3::9F76A942-B50E-4548-8BE0-E5765E2F7C69,Delhi,IN,iOS,,49.2
App Session,1677352907.832,63ece59d4bb1fe648aac13d3::9F76A942-B50E-4548-8BE0-E5765E2F7C69,Delhi,IN,iOS,,21.8
App Session,1677342630.257,63f0c7454bb1fe648be04128::e18cb3cc-56b3-41c8-a0a2-d04c29217606,Gurgaon,IN,Android,,13.7
App Session,1677338571.94,63f4a4bc81407164cae70ea5::56B07CA7-2A26-45FE-81EB-1C7DEDD47D14,Delhi,IN,iOS,,46.8
App Session,1677338521.848,63f4a4bc81407164cae70ea5::56B07CA7-2A26-45FE-81EB-1C7DEDD47D14,Delhi,IN,iOS,,28.8
App Session,1677334185.875,63f75c1b0cef5dc71dec5f5a::9607ae12-7748-4e95-a028-d89832bb7413,Delhi,IN,Android,,53.6
App Session,1677331716.469,63f75c1b0cef5dc71dec5f5a::9607ae12-7748-4e95-a028-d89832bb7413,Delhi,IN,Android,,40.5
App Session,1677330781.97,63f4a4bc81407164cae70ea5::56B07CA7-2A26-45FE-81EB-1C7DEDD47D14,Delhi,IN,iOS,,13
App Session,1677322819.74,63ece59d4bb1fe648aac13d3::9F76A942-B50E-4548-8BE0-E5765E2F7C69,Delhi,IN,iOS,,31.3
App Session,1677322785.051,63ece59d4bb1fe648aac13d3::9F76A942-B50E-4548-8BE0-E5765E2F7C69,Delhi,IN,iOS,,26.6
App Session,1677322541.038,63f5fbea4bb1fe648be04254::d2dfc7d3-499b-445d-a442-71df32df1681,Delhi,IN,Android,,15.7
App Session,1677319411.125,63f5fbea4bb1fe648be04254::d2dfc7d3-499b-445d-a442-71df32df1681,Delhi,IN,Android,,19.8
App Session,1677316831.469,63f4a4bc81407164cae70ea5::56B07CA7-2A26-45FE-81EB-1C7DEDD47D14,Delhi,IN,iOS,,186.5
App Session,1677316728.425,63f5fbea4bb1fe648be04254::d2dfc7d3-499b-445d-a442-71df32df1681,Delhi,IN,Android,,33.2
App Session,1677314637.394,63f5fbea4bb1fe648be04254::d2dfc7d3-499b-445d-a442-71df32df1681,Delhi,IN,Android,,33.3
App Session,1677311847.985,63f0c7454bb1fe648be04128::e18cb3cc-56b3-41c8-a0a2-d04c29217606,Gurgaon,IN,Android,,22.1
App Session,1677295505.796,63ece59d4bb1fe648aac13d3::9F76A942-B50E-4548-8BE0-E5765E2F7C69,Delhi,IN,iOS,,24
App Session,1677293042.488,63ece59d4bb1fe648aac13d3::9F76A942-B50E-4548-8BE0-E5765E2F7C69,Delhi,IN,iOS,,115.3
App Session,1677292896.989,63ece59d4bb1fe648aac13d3::9F76A942-B50E-4548-8BE0-E5765E2F7C69,Delhi,IN,iOS,,20.9
App Session,1677290976.649,63f4a4bc81407164cae70ea5::56B07CA7-2A26-45FE-81EB-1C7DEDD47D14,Delhi,IN,iOS,,94
App Session,1677276405.873,63f75c1b0cef5dc71dec5f5a::9607ae12-7748-4e95-a028-d89832bb7413,Delhi,IN,Android,,85.3
App Session,1677273865.248,63f75c1b0cef5dc71dec5f5a::9607ae12-7748-4e95-a028-d89832bb7413,Delhi,IN,Android,,34.9
App Session,1677272842.745,63f75c1b0cef5dc71dec5f5a::9607ae12-7748-4e95-a028-d89832bb7413,Delhi,IN,Android,,31.8
App Session,1677270575.824,63f0c7454bb1fe648be04128::e18cb3cc-56b3-41c8-a0a2-d04c29217606,Delhi,IN,Android,,55.7
App Session,1677261828.774,63f75c1b0cef5dc71dec5f5a::9607ae12-7748-4e95-a028-d89832bb7413,Delhi,IN,Android,,92.9
App Session,1677261714.643,63f75c1b0cef5dc71dec5f5a::9607ae12-7748-4e95-a028-d89832bb7413,Delhi,IN,Android,,176.1
App Session,1677257987.167,63f75c1b0cef5dc71dec5f5a::9607ae12-7748-4e95-a028-d89832bb7413,Delhi,IN,Android,,148.3
App Session,1677257695.818,63f75c1b0cef5dc71dec5f5a::9607ae12-7748-4e95-a028-d89832bb7413,Delhi,IN,Android,,51.3
App Session,1677257642.739,63f75c1b0cef5dc71dec5f5a::9607ae12-7748-4e95-a028-d89832bb7413,Delhi,IN,Android,,30.5
App Session,1677250243.426,63f5fbea4bb1fe648be04254::d2dfc7d3-499b-445d-a442-71df32df1681,Delhi,IN,Android,,29.8
App Session,1677249342.17,63f75c1b0cef5dc71dec5f5a::9607ae12-7748-4e95-a028-d89832bb7413,Delhi,IN,Android,,32.8
App Session,1677249224.22,63f75c1b0cef5dc71dec5f5a::9607ae12-7748-4e95-a028-d89832bb7413,Delhi,IN,Android,,22.8
App Session,1677246362.015,63f4a4bc81407164cae70ea5::56B07CA7-2A26-45FE-81EB-1C7DEDD47D14,Delhi,IN,iOS,,25.5
App Session,1677245704.88,63f4a4bc81407164cae70ea5::56B07CA7-2A26-45FE-81EB-1C7DEDD47D14,Delhi,IN,iOS,,43.6
App Session,1677245525.542,63f4a4bc81407164cae70ea5::56B07CA7-2A26-45FE-81EB-1C7DEDD47D14,Delhi,IN,iOS,,26.3
App Session,1677245183.457,63f5fbea4bb1fe648be04254::d2dfc7d3-499b-445d-a442-71df32df1681,Delhi,IN,Android,,237.8
App Session,1677244942.676,63f5fbea4bb1fe648be04254::d2dfc7d3-499b-445d-a442-71df32df1681,Delhi,IN,Android,,31.6
App Session,1677244900.094,63f5fbea4bb1fe648be04254::d2dfc7d3-499b-445d-a442-71df32df1681,Delhi,IN,Android,,30.9
App Session,1677244842.209,63f5fbea4bb1fe648be04254::d2dfc7d3-499b-445d-a442-71df32df1681,Delhi,IN,Android,,72.9
App Session,1677244473.123,63f4a4bc81407164cae70ea5::56B07CA7-2A26-45FE-81EB-1C7DEDD47D14,Delhi,IN,iOS,,15.6
App Session,1677244297.913,63f5fbea4bb1fe648be04254::d2dfc7d3-499b-445d-a442-71df32df1681,Delhi,IN,Android,,33.2
App Session,1677244252.061,63f5fbea4bb1fe648be04254::d2dfc7d3-499b-445d-a442-71df32df1681,Delhi,IN,Android,,18.4
App Session,1677243830.907,63ece59d4bb1fe648aac13d3::9F76A942-B50E-4548-8BE0-E5765E2F7C69,Delhi,IN,iOS,,24.7
App Session,1677242254.752,63f4a4bc81407164cae70ea5::56B07CA7-2A26-45FE-81EB-1C7DEDD47D14,Delhi,IN,iOS,,15.6
App Session,1677232509.13,63f75c1b0cef5dc71dec5f5a::9607ae12-7748-4e95-a028-d89832bb7413,Delhi,IN,Android,,11.9
App Session,1677232495.204,63f75c1b0cef5dc71dec5f5a::9607ae12-7748-4e95-a028-d89832bb7413,Delhi,IN,Android,,73.6
App Session,1677225760.5,63f0c7454bb1fe648be04128::e18cb3cc-56b3-41c8-a0a2-d04c29217606,Delhi,IN,Android,,10.6
App Session,1677225307.816,63f0c7454bb1fe648be04128::e18cb3cc-56b3-41c8-a0a2-d04c29217606,Delhi,IN,Android,,21.8
App Session,1677223180.691,63f0c7454bb1fe648be04128::e18cb3cc-56b3-41c8-a0a2-d04c29217606,Delhi,IN,Android,,87.4
App Session,1677221473.433,63f75c1b0cef5dc71dec5f5a::9607ae12-7748-4e95-a028-d89832bb7413,Delhi,IN,Android,,99.2
App Session,1677221078.523,63ece59d4bb1fe648aac13d3::9F76A942-B50E-4548-8BE0-E5765E2F7C69,Delhi,IN,iOS,,24.7
App Session,1677221047.019,63ece59d4bb1fe648aac13d3::9F76A942-B50E-4548-8BE0-E5765E2F7C69,Delhi,IN,iOS,,17.2
App Session,1677217233.448,63f5fbea4bb1fe648be04254::d2dfc7d3-499b-445d-a442-71df32df1681,Delhi,IN,Android,,126.4
App Session,1677217070.939,63f5fbea4bb1fe648be04254::d2dfc7d3-499b-445d-a442-71df32df1681,Delhi,IN,Android,,84.9
App Session,1677216102.871,63f0c7454bb1fe648be04128::e18cb3cc-56b3-41c8-a0a2-d04c29217606,Delhi,IN,Android,,43.8
App Session,1677213028.686,63f0c7454bb1fe648be04128::e18cb3cc-56b3-41c8-a0a2-d04c29217606,Delhi,IN,Android,,181.8
App Session,1677212180.832,63f5fbea4bb1fe648be04254::d2dfc7d3-499b-445d-a442-71df32df1681,Delhi,IN,Android,,56.4
App Session,1677209642.529,63ecbb4281407145daabec2a::a0559d87-bf51-46e4-b05f-73206c3d34e2,Delhi,IN,Android,,61.1
App Session,1677207027.128,63f4a4bc81407164cae70ea5::56B07CA7-2A26-45FE-81EB-1C7DEDD47D14,Delhi,IN,iOS,,219.7
App Session,1677206804.813,63f4a4bc81407164cae70ea5::56B07CA7-2A26-45FE-81EB-1C7DEDD47D14,Delhi,IN,iOS,,28.6
App Session,1677204329.667,63f4a4bc81407164cae70ea5::56B07CA7-2A26-45FE-81EB-1C7DEDD47D14,Delhi,IN,iOS,,119.1
App Session,1677204207.832,63f4a4bc81407164cae70ea5::56B07CA7-2A26-45FE-81EB-1C7DEDD47D14,Delhi,IN,iOS,,20.7
App Session,1677204148.713,63f4a4bc81407164cae70ea5::56B07CA7-2A26-45FE-81EB-1C7DEDD47D14,Delhi,IN,iOS,,13
App Session,1677203985.935,63f4a4bc81407164cae70ea5::56B07CA7-2A26-45FE-81EB-1C7DEDD47D14,Delhi,IN,iOS,,124.2
App Session,1677191719.403,63f5fbea4bb1fe648be04254::d2dfc7d3-499b-445d-a442-71df32df1681,Delhi,IN,Android,,72
App Session,1677178803.96,63ece59d4bb1fe648aac13d3::9F76A942-B50E-4548-8BE0-E5765E2F7C69,Delhi,IN,iOS,,34.6
App Session,1677178767.198,63ece59d4bb1fe648aac13d3::9F76A942-B50E-4548-8BE0-E5765E2F7C69,Delhi,IN,iOS,,44.9
App Session,1677167439.442,63f75c1b0cef5dc71dec5f5a::9607ae12-7748-4e95-a028-d89832bb7413,Delhi,IN,Android,,141.8
App Session,1677167275.023,63f75c1b0cef5dc71dec5f5a::9607ae12-7748-4e95-a028-d89832bb7413,Delhi,IN,Android,,82.3
App Session,1677166757.675,63f5fbea4bb1fe648be04254::d2dfc7d3-499b-445d-a442-71df32df1681,Delhi,IN,Android,,163.8
App Session,1677165805.783,63f75c1b0cef5dc71dec5f5a::9607ae12-7748-4e95-a028-d89832bb7413,Delhi,IN,Android,,19.7
App Session,1677165744.052,63f75c1b0cef5dc71dec5f5a::9607ae12-7748-4e95-a028-d89832bb7413,Delhi,IN,Android,,10.4
App Session,1677165632.058,63f75c1b0cef5dc71dec5f5a::9607ae12-7748-4e95-a028-d89832bb7413,Delhi,IN,Android,,24.4
App Session,1677165585.003,63f75c1b0cef5dc71dec5f5a::9607ae12-7748-4e95-a028-d89832bb7413,Delhi,IN,Android,,34.6
App Session,1677165549.901,63f75c1b0cef5dc71dec5f5a::9607ae12-7748-4e95-a028-d89832bb7413,Delhi,IN,Android,,63.4
App Session,1677165475.274,63f75c1b0cef5dc71dec5f5a::9607ae12-7748-4e95-a028-d89832bb7413,Delhi,IN,Android,,211.3
App Session,1677164640.938,63f75c1b0cef5dc71dec5f5a::9607ae12-7748-4e95-a028-d89832bb7413,Delhi,IN,Android,,34.5
App Session,1677160820.956,63f5fbea4bb1fe648be04254::d2dfc7d3-499b-445d-a442-71df32df1681,Delhi,IN,Android,,13.9
App Session,1677160804.724,63f5fbea4bb1fe648be04254::d2dfc7d3-499b-445d-a442-71df32df1681,Delhi,IN,Android,,41.7
App Session,1677160762.472,63f5fbea4bb1fe648be04254::d2dfc7d3-499b-445d-a442-71df32df1681,Delhi,IN,Android,,109.6
App Session,1677159198.62,63f75c1b0cef5dc71dec5f5a::9607ae12-7748-4e95-a028-d89832bb7413,Delhi,IN,Android,,13.6
App Session,1677156742.319,63f75c1b0cef5dc71dec5f5a::9607ae12-7748-4e95-a028-d89832bb7413,Delhi,IN,Android,,24.8
App Session,1677155898.368,63f75c1b0cef5dc71dec5f5a::9607ae12-7748-4e95-a028-d89832bb7413,Delhi,IN,Android,,47.6
App Session,1677154772.342,63f5fbea4bb1fe648be04254::d2dfc7d3-499b-445d-a442-71df32df1681,Delhi,IN,Android,,128.3
App Session,1677151365.971,63f5fbea4bb1fe648be04254::d2dfc7d3-499b-445d-a442-71df32df1681,Delhi,IN,Android,,20.3
App Session,1677148988.528,63f5fbea4bb1fe648be04254::d2dfc7d3-499b-445d-a442-71df32df1681,Delhi,IN,Android,,68.5
App Session,1677147483.835,63ecbb4281407145daabec2a::a0559d87-bf51-46e4-b05f-73206c3d34e2,Delhi,IN,Android,,81.2
App Session,1677144151.979,63f5fbea4bb1fe648be04254::d2dfc7d3-499b-445d-a442-71df32df1681,Delhi,IN,Android,,26.4
App Session,1677141373.456,63f5fbea4bb1fe648be04254::d2dfc7d3-499b-445d-a442-71df32df1681,Delhi,IN,Android,,17
App Session,1677141325.395,63f5fbea4bb1fe648be04254::d2dfc7d3-499b-445d-a442-71df32df1681,Delhi,IN,Android,,29.7
App Session,1677137746.025,63f5fbea4bb1fe648be04254::d2dfc7d3-499b-445d-a442-71df32df1681,Delhi,IN,Android,,101.2
App Session,1677137636.887,63f5fbea4bb1fe648be04254::d2dfc7d3-499b-445d-a442-71df32df1681,Delhi,IN,Android,,61.6
App Session,1677137305.319,63f5fbea4bb1fe648be04254::d2dfc7d3-499b-445d-a442-71df32df1681,Delhi,IN,Android,,25.6
App Session,1677133850.439,63f5fbea4bb1fe648be04254::d2dfc7d3-499b-445d-a442-71df32df1681,Delhi,IN,Android,,28.5
App Session,1677133806.17,63f5fbea4bb1fe648be04254::d2dfc7d3-499b-445d-a442-71df32df1681,Delhi,IN,Android,,155.5
App Session,1677133609.754,63f5fbea4bb1fe648be04254::d2dfc7d3-499b-445d-a442-71df32df1681,Delhi,IN,Android,,70.7
App Session,1677132920.684,63f5fbea4bb1fe648be04254::d2dfc7d3-499b-445d-a442-71df32df1681,Delhi,IN,Android,,26.7
App Session,1677132309.714,63ecbb4281407145daabec2a::a0559d87-bf51-46e4-b05f-73206c3d34e2,Badarkha,IN,Android,,59.1
App Session,1677128240.784,63f0c7454bb1fe648be04128::e18cb3cc-56b3-41c8-a0a2-d04c29217606,Gurgaon,IN,Android,,20.8
App Session,1677126008.962,63f5fbea4bb1fe648be04254::d2dfc7d3-499b-445d-a442-71df32df1681,Delhi,IN,Android,,24.7
App Session,1677125907.335,63f5fbea4bb1fe648be04254::d2dfc7d3-499b-445d-a442-71df32df1681,Delhi,IN,Android,,14.6
App Session,1677125885.268,63f5fbea4bb1fe648be04254::d2dfc7d3-499b-445d-a442-71df32df1681,Delhi,IN,Android,,43.3
App Session,1677125585.02,63f5fbea4bb1fe648be04254::d2dfc7d3-499b-445d-a442-71df32df1681,Delhi,IN,Android,,22.4
App Session,1677120602.812,63f5fbea4bb1fe648be04254::d2dfc7d3-499b-445d-a442-71df32df1681,Delhi,IN,Android,,26.7
App Session,1677118849.485,63f5fbea4bb1fe648be04254::d2dfc7d3-499b-445d-a442-71df32df1681,Delhi,IN,Android,,20.8
App Session,1677118806.513,63f5fbea4bb1fe648be04254::d2dfc7d3-499b-445d-a442-71df32df1681,Delhi,IN,Android,,73.2
App Session,1677090823.163,63ece59d4bb1fe648aac13d3::9F76A942-B50E-4548-8BE0-E5765E2F7C69,Delhi,IN,iOS,,25.4
App Session,1677090060.3,63f5fbea4bb1fe648be04254::d2dfc7d3-499b-445d-a442-71df32df1681,Delhi,IN,Android,,21.3
App Session,1677089226.911,63f5fbea4bb1fe648be04254::d2dfc7d3-499b-445d-a442-71df32df1681,Delhi,IN,Android,,62.5
App Session,1677088198.927,63f5fbea4bb1fe648be04254::d2dfc7d3-499b-445d-a442-71df32df1681,Delhi,IN,Android,,77.8
App Session,1677087506.881,63f5fbea4bb1fe648be04254::d2dfc7d3-499b-445d-a442-71df32df1681,Delhi,IN,Android,,48.1
App Session,1677085212.746,63f0c7454bb1fe648be04128::e18cb3cc-56b3-41c8-a0a2-d04c29217606,Delhi,IN,Android,,10.5
App Session,1677084386.179,63f5fbea4bb1fe648be04254::d2dfc7d3-499b-445d-a442-71df32df1681,Delhi,IN,Android,,20.2
App Session,1677084358.836,63f5fbea4bb1fe648be04254::d2dfc7d3-499b-445d-a442-71df32df1681,Delhi,IN,Android,,42.7
App Session,1677084314.652,63f5fbea4bb1fe648be04254::d2dfc7d3-499b-445d-a442-71df32df1681,Delhi,IN,Android,,15.8
App Session,1677084143.913,63f0c7454bb1fe648be04128::e18cb3cc-56b3-41c8-a0a2-d04c29217606,Delhi,IN,Android,,56
App Session,1677081218.177,63f4a4bc81407164cae70ea5::56B07CA7-2A26-45FE-81EB-1C7DEDD47D14,Delhi,IN,iOS,,11.7
App Session,1677080566.423,63f4a4bc81407164cae70ea5::56B07CA7-2A26-45FE-81EB-1C7DEDD47D14,Delhi,IN,iOS,,55.8
App Session,1677080429.33,63ece59d4bb1fe648aac13d3::9F76A942-B50E-4548-8BE0-E5765E2F7C69,Delhi,IN,iOS,,25.8
App Session,1677074562.77,63f5fbea4bb1fe648be04254::d2dfc7d3-499b-445d-a442-71df32df1681,Delhi,IN,Android,,44.9
App Session,1677074449.516,63f5fbea4bb1fe648be04254::d2dfc7d3-499b-445d-a442-71df32df1681,Delhi,IN,Android,,40.1
App Session,1677074196.873,63f5fbea4bb1fe648be04254::d2dfc7d3-499b-445d-a442-71df32df1681,Delhi,IN,Android,,30.8
App Session,1677074139.554,63f5fbea4bb1fe648be04254::d2dfc7d3-499b-445d-a442-71df32df1681,Delhi,IN,Android,,51.1
App Session,1677073875.939,63f5fbea4bb1fe648be04254::d2dfc7d3-499b-445d-a442-71df32df1681,Delhi,IN,Android,,22.5
App Session,1677073845.304,63f5fbea4bb1fe648be04254::d2dfc7d3-499b-445d-a442-71df32df1681,Delhi,IN,Android,,30.8
App Session,1677071824.365,63f5fbea4bb1fe648be04254::d2dfc7d3-499b-445d-a442-71df32df1681,Delhi,IN,Android,,14.3
App Session,1677034275.498,63f4a4bc81407164cae70ea5::56B07CA7-2A26-45FE-81EB-1C7DEDD47D14,Delhi,IN,iOS,,144.9
App Session,1677034102.135,63f4a4bc81407164cae70ea5::56B07CA7-2A26-45FE-81EB-1C7DEDD47D14,Delhi,IN,iOS,,102.3
App Session,1677033998.529,63f4a4bc81407164cae70ea5::56B07CA7-2A26-45FE-81EB-1C7DEDD47D14,Delhi,IN,iOS,,34.2
App Session,1677033907.905,63f4a4bc81407164cae70ea5::56B07CA7-2A26-45FE-81EB-1C7DEDD47D14,Delhi,IN,iOS,,25.2
App Session,1677033880.257,63f4a4bc81407164cae70ea5::56B07CA7-2A26-45FE-81EB-1C7DEDD47D14,Delhi,IN,iOS,,140.5
App Session,1677033724.701,63f4a4bc81407164cae70ea5::56B07CA7-2A26-45FE-81EB-1C7DEDD47D14,Delhi,IN,iOS,,93.9
App Session,1677033624.02,63f4a4bc81407164cae70ea5::56B07CA7-2A26-45FE-81EB-1C7DEDD47D14,Delhi,IN,iOS,,185.7
App Session,1677033100.888,63f4a4bc81407164cae70ea5::56B07CA7-2A26-45FE-81EB-1C7DEDD47D14,Delhi,IN,iOS,,35.1
App Session,1677031186.704,63ecbb4281407145daabec2a::a0559d87-bf51-46e4-b05f-73206c3d34e2,Delhi,IN,Android,,94.9
App Session,1677031091.501,63ecbb4281407145daabec2a::a0559d87-bf51-46e4-b05f-73206c3d34e2,Delhi,IN,Android,,23.1
App Session,1677031047.854,63ecbb4281407145daabec2a::a0559d87-bf51-46e4-b05f-73206c3d34e2,Hisar,IN,Android,,57.1
App Session,1677027767.41,63ece59d4bb1fe648aac13d3::9F76A942-B50E-4548-8BE0-E5765E2F7C69,Delhi,IN,iOS,,59.4